{"vmax":0.9995047637,"pixval":[0.95,0.64,0.06,0.36,0.0,0.83,0.95,0.56,0.63,0.51,0.8,0.82,0.03,0.81,1.0,0.2,0.96,0.4,0.33,0.85,0.04,0.71,0.86,0.18,0.43,0.08,0.12,0.54,0.88,0.65,0.19,0.44,0.69,0.84,0.76,0.95,0.03,0.57,0.05,1.0,0.28,0.9,0.2,0.67,0.37,0.24,0.8,0.34,0.07,0.04,0.68,0.08,0.33,0.19,0.42,0.71,0.36,0.12,0.19,0.67,0.79,0.11,0.34,0.18,0.75,0.12,0.59,0.43,0.07,0.88,0.12,0.08,0.98,0.84,0.81,0.86,0.97,0.7,0.07,0.19,0.63,0.19,0.93,0.78,0.99,0.5,0.69,0.75,0.49,0.81,0.32,0.33,0.89,0.84,0.78,0.71,0.72,0.97,0.32,0.49,0.1,0.86,0.47,0.21,0.54,0.42,0.35,0.1,0.61,0.86,0.79,0.73,0.37,0.35,0.27,0.13,0.67,0.76,0.0,0.39,0.99,0.82,0.17,0.36,1.0,0.82,0.31,0.9,0.27,0.63,0.85,0.53,0.12,0.15,0.06,0.69,0.23,0.66,0.15,0.83,0.46,0.39,0.09,0.18,0.55,0.78,0.28,0.26,0.15,0.43,0.31,0.2,0.73,0.03,0.25,0.68,0.0,0.4,0.43,0.99,0.27,0.65,0.78,0.56,0.81,0.33,0.2,0.84,0.19,0.28,0.35,0.16,0.9,0.21,0.56,0.06,0.03,0.21,0.47,0.35,0.65,0.36,0.23,0.49,0.48,0.8,0.25,0.1,0.09,0.81,0.2,0.98],"order":"nest","nside":4,"vmin":0.0006395725}
